"File_Name","Hash"
"H10A_LocalLoad_Dataset.png","FEE5AFA628262DB8FC2A247002F544562008EB8CC8893B5A0B43D1408E36B6D5"
"H10B_Phishing.png","D142868B40922597922459EE67690DAD6FF0AF0CF7951C0083CE5F6123CC19C5"
"H10_HTTPS.png","7C2E0BF1A63A495508159577DEA6A0A126B4371BD3D5E98CB914D8444CC289B3"
"H11_Cleanup.png","88A6DE555BBF4AA1629A2555F36ACBC1721D106BB2A692EE6ECCFDCD1A97E2D0"
"H1_VM_WindowsVersion.png","193E3CD79A573B80D2869D84B4AB1D1F887610B577D598B0E26AB9FE844C07AA"
"H2_ToolVersions.png","283D126F1347196B9B2864953AC408D73B3E4035D7512AE4E5FECE51B8506EC9"
"H3_Baseline.png","119EF80C51C48772CB8B26A4A612327DBCE92DFF30DB13C1211B03FE6AFAC2F5"
"H4_ProtectionHistory_EICAR.png","106E0A9F47603B5EFF31A6D0D6B50DA950C0E613564F30A17D83DE57D4B7A7CD"
"H5_LoginEvents_4625.png","884BEE8C3593845E5956AE4A1FB48C3D817F71D82873AD2FFCA79A3E5CA2FCC2"
"H6_Sysmon_Event1.png","3E2B46874ADD3A74652CEC2161EDE6334F4C29199B7A27F27C2A3FDD0370F96A"
"H7_Autoruns_Persistence.png","048B1226B19BDBE233B274A24BE977DC8A0CDF885FA1BEF17E190FD732EC1EFF"
"H8_ProcessExplorer_Backdoor.png","A763E199B6B149A57EDDEB8384F74B5AE36FFA6010F3183C327D55917EDB1F37"
"H9_HTTP.png","C533C0884B859E17EE064BE634ECA91990B07DC575E50E85E38D58A81C318E76"
